0,1512151634338.,data_n05_100/1512151634338.additive.noisy.phylip.txt,11588.666666666668,12112.91193173
1,1512151634347.,data_n05_100/1512151634347.additive.noisy.phylip.txt,1550.6666666666679,1670.3388555723986
2,1512151634355.,data_n05_100/1512151634355.additive.noisy.phylip.txt,7674.1875,8547.6497907592
3,1512151634443.,data_n05_100/1512151634443.additive.noisy.phylip.txt,1805.4166666666679,1691.0459946656038
4,1512151634451.,data_n05_100/1512151634451.additive.noisy.phylip.txt,1379.6666666666679,1389.9364364360008
5,1512151634496.,data_n05_100/1512151634496.additive.noisy.phylip.txt,1741.6666666666679,1919.4274037771975
6,1512151634506.,data_n05_100/1512151634506.additive.noisy.phylip.txt,9665.1875,9837.776449029601
7,1512151634510.,data_n05_100/1512151634510.additive.noisy.phylip.txt,3678.0,3814.6395958699995
8,1512151634541.,data_n05_100/1512151634541.additive.noisy.phylip.txt,6047.1875,6110.9086124860005
9,1512151634545.,data_n05_100/1512151634545.additive.noisy.phylip.txt,3023.416666666668,2902.809723475997
10,1512151634548.,data_n05_100/1512151634548.additive.noisy.phylip.txt,1325.8541666666679,1340.6695544312015
11,1512151634986.,data_n05_100/1512151634986.additive.noisy.phylip.txt,2774.75,2625.665255517193
12,1512151634994.,data_n05_100/1512151634994.additive.noisy.phylip.txt,9468.854166666672,10872.677658722005
13,1512151635143.,data_n05_100/1512151635143.additive.noisy.phylip.txt,2169.854166666668,2665.096369627994
14,1512151635207.,data_n05_100/1512151635207.additive.noisy.phylip.txt,17336.75,19860.890533649195
15,1512151635211.,data_n05_100/1512151635211.additive.noisy.phylip.txt,4344.75,5162.762277548003
16,1512151635494.,data_n05_100/1512151635494.additive.noisy.phylip.txt,5753.854166666668,7144.077445595605
17,1512151635534.,data_n05_100/1512151635534.additive.noisy.phylip.txt,2114.75,2470.3001977823938
18,1512151635612.,data_n05_100/1512151635612.additive.noisy.phylip.txt,3495.416666666668,4411.7903972412
19,1512151635627.,data_n05_100/1512151635627.additive.noisy.phylip.txt,666.1666666666679,976.7814678660018
20,1512151635646.,data_n05_100/1512151635646.additive.noisy.phylip.txt,2333.8541666666715,2857.780086903595
21,1512151635701.,data_n05_100/1512151635701.additive.noisy.phylip.txt,4707.854166666668,5338.081306226001
22,1512151635705.,data_n05_100/1512151635705.additive.noisy.phylip.txt,6549.416666666668,6756.2539816071985
23,1512151635719.,data_n05_100/1512151635719.additive.noisy.phylip.txt,1013.3541666666679,934.0666935671995
24,1512151635732.,data_n05_100/1512151635732.additive.noisy.phylip.txt,2408.0,2743.4019791263986
25,1512151635883.,data_n05_100/1512151635883.additive.noisy.phylip.txt,6742.354166666668,7248.396704637601
26,1512151635946.,data_n05_100/1512151635946.additive.noisy.phylip.txt,4514.854166666671,5313.211614954801
27,1512151636094.,data_n05_100/1512151636094.additive.noisy.phylip.txt,755.854166666668,748.6990894475987
28,1512151636097.,data_n05_100/1512151636097.additive.noisy.phylip.txt,2513.1875,2873.0594232868043
29,1512151636167.,data_n05_100/1512151636167.additive.noisy.phylip.txt,281.0,287.2632733728012
30,1512151636182.,data_n05_100/1512151636182.additive.noisy.phylip.txt,2215.6875,2401.5165244191985
31,1512151636186.,data_n05_100/1512151636186.additive.noisy.phylip.txt,4147.666666666664,4783.379373565198
32,1512151636189.,data_n05_100/1512151636189.additive.noisy.phylip.txt,2121.354166666666,2586.535392366801
33,1512151636259.,data_n05_100/1512151636259.additive.noisy.phylip.txt,6994.6875,7890.7518390035975
34,1512151636263.,data_n05_100/1512151636263.additive.noisy.phylip.txt,539.0,528.4649481016002
35,1512151636281.,data_n05_100/1512151636281.additive.noisy.phylip.txt,692.75,734.3702487479993
36,1512151636396.,data_n05_100/1512151636396.additive.noisy.phylip.txt,4207.666666666668,4323.167959213593
37,1512151636484.,data_n05_100/1512151636484.additive.noisy.phylip.txt,1496.75,1750.9123403479998
38,1512151636514.,data_n05_100/1512151636514.additive.noisy.phylip.txt,3346.541666666668,3499.5757195435995
39,1512151636531.,data_n05_100/1512151636531.additive.noisy.phylip.txt,3407.854166666669,4023.1521728980047
40,1512151636534.,data_n05_100/1512151636534.additive.noisy.phylip.txt,6932.854166666668,7330.838623882799
41,1512151636551.,data_n05_100/1512151636551.additive.noisy.phylip.txt,9204.0,9561.210617739602
42,1512151636555.,data_n05_100/1512151636555.additive.noisy.phylip.txt,3259.1875,3212.648145978799
43,1512151636561.,data_n05_100/1512151636561.additive.noisy.phylip.txt,3180.3541666666683,3647.2113224808027
44,1512151636565.,data_n05_100/1512151636565.additive.noisy.phylip.txt,2534.75,2384.6519444544
45,1512151636702.,data_n05_100/1512151636702.additive.noisy.phylip.txt,2271.6666666666665,2939.292343482001
46,1512151636706.,data_n05_100/1512151636706.additive.noisy.phylip.txt,2435.0,2792.8566236536017
47,1512151636747.,data_n05_100/1512151636747.additive.noisy.phylip.txt,6402.854166666668,6770.1605199704
48,1512151636844.,data_n05_100/1512151636844.additive.noisy.phylip.txt,2966.354166666668,3066.492414537199
49,1512151636862.,data_n05_100/1512151636862.additive.noisy.phylip.txt,4119.4166666666715,4494.835372263603
50,1512151636933.,data_n05_100/1512151636933.additive.noisy.phylip.txt,887.1875,916.605443458401
51,1512151636980.,data_n05_100/1512151636980.additive.noisy.phylip.txt,645.1875,753.7539256092007
52,1512151637016.,data_n05_100/1512151637016.additive.noisy.phylip.txt,7690.354166666666,8651.958283384005
53,1512151637020.,data_n05_100/1512151637020.additive.noisy.phylip.txt,8462.666666666662,11282.157647640408
54,1512151637067.,data_n05_100/1512151637067.additive.noisy.phylip.txt,3579.3541666666624,3882.5613466364057
55,1512151637071.,data_n05_100/1512151637071.additive.noisy.phylip.txt,3525.6875,4009.744795413996
56,1512151637090.,data_n05_100/1512151637090.additive.noisy.phylip.txt,1443.0,1733.8056479827944
57,1512151637161.,data_n05_100/1512151637161.additive.noisy.phylip.txt,680.666666666668,826.6307123079998
58,1512151637165.,data_n05_100/1512151637165.additive.noisy.phylip.txt,9829.6875,12175.8694109368
59,1512151637267.,data_n05_100/1512151637267.additive.noisy.phylip.txt,15719.638931111112,21897.685270255985
60,1512151637275.,data_n05_100/1512151637275.additive.noisy.phylip.txt,10140.6875,12819.229019154802
61,1512151637303.,data_n05_100/1512151637303.additive.noisy.phylip.txt,6854.1875,7982.06171791799
62,1512151637375.,data_n05_100/1512151637375.additive.noisy.phylip.txt,1535.4166666666686,1777.0883420359987
63,1512151637379.,data_n05_100/1512151637379.additive.noisy.phylip.txt,307.875,298.1173945895997
64,1512151637511.,data_n05_100/1512151637511.additive.noisy.phylip.txt,12561.416666666668,13867.109796696386
65,1512151637718.,data_n05_100/1512151637718.additive.noisy.phylip.txt,2849.0,3336.115652374793
66,1512151637722.,data_n05_100/1512151637722.additive.noisy.phylip.txt,5207.1875,7044.930227864801
67,1512151637750.,data_n05_100/1512151637750.additive.noisy.phylip.txt,2216.3541666666624,2897.7593572004043
68,1512151637818.,data_n05_100/1512151637818.additive.noisy.phylip.txt,568.3541666666679,604.9472503352024
69,1512151637828.,data_n05_100/1512151637828.additive.noisy.phylip.txt,598.854166666668,641.1237182503987
70,1512151637831.,data_n05_100/1512151637831.additive.noisy.phylip.txt,73.854166666668,83.91524262800058
71,1512151637835.,data_n05_100/1512151637835.additive.noisy.phylip.txt,4248.1875,4830.347885610003
72,1512151637904.,data_n05_100/1512151637904.additive.noisy.phylip.txt,5630.6666666666615,5776.126320195208
73,1512151638004.,data_n05_100/1512151638004.additive.noisy.phylip.txt,2088.75,2513.8349647016007
74,1512151638310.,data_n05_100/1512151638310.additive.noisy.phylip.txt,1087.8541666666679,999.3465846336005
75,1512151638869.,data_n05_100/1512151638869.additive.noisy.phylip.txt,9233.0,12465.658579356
76,1512151638873.,data_n05_100/1512151638873.additive.noisy.phylip.txt,127.35416666666801,136.3335263540003
77,1512151638877.,data_n05_100/1512151638877.additive.noisy.phylip.txt,2171.666666666668,2382.2186379423993
78,1512151638885.,data_n05_100/1512151638885.additive.noisy.phylip.txt,845.8541666666674,938.4420271500007
79,1512151638893.,data_n05_100/1512151638893.additive.noisy.phylip.txt,1320.75,1327.6594015732
80,1512151639206.,data_n05_100/1512151639206.additive.noisy.phylip.txt,4026.354166666668,4370.207127165599
81,1512151639212.,data_n05_100/1512151639212.additive.noisy.phylip.txt,3559.354166666668,3515.2807914103932
82,1512151639352.,data_n05_100/1512151639352.additive.noisy.phylip.txt,5330.354166666666,8583.48474680401
83,1512151639357.,data_n05_100/1512151639357.additive.noisy.phylip.txt,2578.6666666666683,2682.143966009595
84,1512151639369.,data_n05_100/1512151639369.additive.noisy.phylip.txt,4393.854166666668,6197.769813285199
85,1512151639377.,data_n05_100/1512151639377.additive.noisy.phylip.txt,4528.743063111112,5257.786980128392
86,1512151639380.,data_n05_100/1512151639380.additive.noisy.phylip.txt,654.6666666666681,682.733441393199
87,1512151639384.,data_n05_100/1512151639384.additive.noisy.phylip.txt,4634.75,4301.9042596592
88,1512151639550.,data_n05_100/1512151639550.additive.noisy.phylip.txt,56.1875,54.508169564000966
89,1512151639554.,data_n05_100/1512151639554.additive.noisy.phylip.txt,9117.666666666668,10229.832753506405
90,1512151639630.,data_n05_100/1512151639630.additive.noisy.phylip.txt,5235.0,5055.399654482805
91,1512151639634.,data_n05_100/1512151639634.additive.noisy.phylip.txt,5730.75,6246.747276697593
92,1512151639640.,data_n05_100/1512151639640.additive.noisy.phylip.txt,4064.354166666668,4127.152917022004
93,1512151639659.,data_n05_100/1512151639659.additive.noisy.phylip.txt,3113.8541666666697,3876.3635144464006
94,1512151639663.,data_n05_100/1512151639663.additive.noisy.phylip.txt,1046.1875,1251.3991694695985
95,1512151639674.,data_n05_100/1512151639674.additive.noisy.phylip.txt,1245.6875,1337.056998511604
96,1512151639677.,data_n05_100/1512151639677.additive.noisy.phylip.txt,1877.1875,2408.1805335776016
97,1512151639961.,data_n05_100/1512151639961.additive.noisy.phylip.txt,5931.416666666668,6021.1004498212
98,1512151639974.,data_n05_100/1512151639974.additive.noisy.phylip.txt,13235.416666666668,13148.380575246003
99,1512151639977.,data_n05_100/1512151639977.additive.noisy.phylip.txt,1450.8541666666679,1630.1423646904016
0,1512151641433.,data_n10_100/1512151641433.additive.noisy.phylip.txt,33892.13384863753,39852.0412000448
1,1512151641614.,data_n10_100/1512151641614.additive.noisy.phylip.txt,51571.52850054866,59801.47901191861
2,1512151641618.,data_n10_100/1512151641618.additive.noisy.phylip.txt,39462.816375246395,39006.67050146718
3,1512151641623.,data_n10_100/1512151641623.additive.noisy.phylip.txt,42617.225194416664,49607.01776292238
4,1512151641627.,data_n10_100/1512151641627.additive.noisy.phylip.txt,64346.12597873408,73208.43850092158
5,1512151641630.,data_n10_100/1512151641630.additive.noisy.phylip.txt,45168.69477449799,50960.969842314415
6,1512151641636.,data_n10_100/1512151641636.additive.noisy.phylip.txt,60462.79342235124,63615.789702773574
7,1512151641702.,data_n10_100/1512151641702.additive.noisy.phylip.txt,33847.11292023199,35021.0775437056
8,1512151642398.,data_n10_100/1512151642398.additive.noisy.phylip.txt,23367.68643830727,28615.376866789808
9,1512151642435.,data_n10_100/1512151642435.additive.noisy.phylip.txt,23738.444237190914,23827.528506875413
10,1512151642439.,data_n10_100/1512151642439.additive.noisy.phylip.txt,31690.523441310455,34307.427787878616
11,1512151642463.,data_n10_100/1512151642463.additive.noisy.phylip.txt,47428.33724872644,55077.7922943066
12,1512151642492.,data_n10_100/1512151642492.additive.noisy.phylip.txt,37043.20822979713,37122.665318465
13,1512151642496.,data_n10_100/1512151642496.additive.noisy.phylip.txt,37028.235842298476,40101.6669977776
14,1512151642528.,data_n10_100/1512151642528.additive.noisy.phylip.txt,64823.65609943264,66988.06771454398
15,1512151642532.,data_n10_100/1512151642532.additive.noisy.phylip.txt,35515.47818347366,36193.861834500814
16,1512151642595.,data_n10_100/1512151642595.additive.noisy.phylip.txt,28395.68186306944,28077.6793515368
17,1512151642606.,data_n10_100/1512151642606.additive.noisy.phylip.txt,31536.525693316333,33360.83802441139
18,1512151642805.,data_n10_100/1512151642805.additive.noisy.phylip.txt,44772.287676923464,46534.9372520752
19,1512151642838.,data_n10_100/1512151642838.additive.noisy.phylip.txt,25651.620478781755,26650.441416334397
20,1512151642842.,data_n10_100/1512151642842.additive.noisy.phylip.txt,40139.429549199616,52054.50256799922
21,1512151642851.,data_n10_100/1512151642851.additive.noisy.phylip.txt,51773.765509848665,57166.162657234585
22,1512151642855.,data_n10_100/1512151642855.additive.noisy.phylip.txt,19468.193132974622,20035.873876646387
23,1512151642861.,data_n10_100/1512151642861.additive.noisy.phylip.txt,36927.45174909303,35717.98864175681
24,1512151642887.,data_n10_100/1512151642887.additive.noisy.phylip.txt,36011.24025614916,41029.706434696775
25,1512151643074.,data_n10_100/1512151643074.additive.noisy.phylip.txt,36309.82913604469,37564.57343881941
26,1512151643155.,data_n10_100/1512151643155.additive.noisy.phylip.txt,45903.03238470974,45678.81856529282
27,1512151643162.,data_n10_100/1512151643162.additive.noisy.phylip.txt,30497.798379456817,32087.067304408218
28,1512151643184.,data_n10_100/1512151643184.additive.noisy.phylip.txt,32406.476286923647,34680.60699978879
29,1512151643191.,data_n10_100/1512151643191.additive.noisy.phylip.txt,42191.938521677635,42199.94173653681
30,1512151643196.,data_n10_100/1512151643196.additive.noisy.phylip.txt,46508.994940414435,41113.86990955276
31,1512151643213.,data_n10_100/1512151643213.additive.noisy.phylip.txt,26093.100156416673,27229.799495797593
32,1512151643217.,data_n10_100/1512151643217.additive.noisy.phylip.txt,47149.02442324801,51146.954242466614
33,1512151643255.,data_n10_100/1512151643255.additive.noisy.phylip.txt,29013.20809155592,35393.21902907622
34,1512151643258.,data_n10_100/1512151643258.additive.noisy.phylip.txt,61950.61393229169,65466.0631446928
35,1512151643316.,data_n10_100/1512151643316.additive.noisy.phylip.txt,63912.20517644194,64270.01971194
36,1512151643326.,data_n10_100/1512151643326.additive.noisy.phylip.txt,34975.83505177348,37547.250682470374
37,1512151643331.,data_n10_100/1512151643331.additive.noisy.phylip.txt,42413.327820607825,46285.456382316996
38,1512151643398.,data_n10_100/1512151643398.additive.noisy.phylip.txt,57285.66038025264,55370.76888351362
39,1512151643440.,data_n10_100/1512151643440.additive.noisy.phylip.txt,39176.71528286871,41451.84482354741
40,1512151643507.,data_n10_100/1512151643507.additive.noisy.phylip.txt,26644.042678545004,26915.42513726721
41,1512151643618.,data_n10_100/1512151643618.additive.noisy.phylip.txt,48907.26763934015,56814.51729979776
42,1512151643680.,data_n10_100/1512151643680.additive.noisy.phylip.txt,29078.789771229225,29555.452651830605
43,1512151643684.,data_n10_100/1512151643684.additive.noisy.phylip.txt,20409.100078124993,24873.606185757795
44,1512151643713.,data_n10_100/1512151643713.additive.noisy.phylip.txt,59547.226782015314,58166.407793158585
45,1512151643717.,data_n10_100/1512151643717.additive.noisy.phylip.txt,37232.14119000445,40156.56709052738
46,1512151643736.,data_n10_100/1512151643736.additive.noisy.phylip.txt,37022.659149401006,40806.11962796339
47,1512151643784.,data_n10_100/1512151643784.additive.noisy.phylip.txt,38199.62057246032,38872.367815022386
48,1512151643790.,data_n10_100/1512151643790.additive.noisy.phylip.txt,39532.81725031111,60824.32373560101
49,1512151643981.,data_n10_100/1512151643981.additive.noisy.phylip.txt,27227.351856756814,27080.494417723396
50,1512151644440.,data_n10_100/1512151644440.additive.noisy.phylip.txt,42875.37022814867,45627.72177107521
51,1512151644513.,data_n10_100/1512151644513.additive.noisy.phylip.txt,66774.16692337456,65873.73355959539
52,1512151644519.,data_n10_100/1512151644519.additive.noisy.phylip.txt,37880.04893806254,42279.1689027744
53,1512151644727.,data_n10_100/1512151644727.additive.noisy.phylip.txt,16717.553046280183,17219.983299483385
54,1512151644731.,data_n10_100/1512151644731.additive.noisy.phylip.txt,37176.54776223629,47142.0900089336
55,1512151644737.,data_n10_100/1512151644737.additive.noisy.phylip.txt,29890.317613022642,30575.62737650559
56,1512151644743.,data_n10_100/1512151644743.additive.noisy.phylip.txt,35035.02003770674,34071.29971355219
57,1512151644757.,data_n10_100/1512151644757.additive.noisy.phylip.txt,38709.63524764312,38201.954929464024
58,1512151644770.,data_n10_100/1512151644770.additive.noisy.phylip.txt,33638.08668742156,38368.44768692983
59,1512151644921.,data_n10_100/1512151644921.additive.noisy.phylip.txt,27143.52701330308,24878.305374213
60,1512151644925.,data_n10_100/1512151644925.additive.noisy.phylip.txt,44629.4577331931,41964.1874023466
61,1512151645193.,data_n10_100/1512151645193.additive.noisy.phylip.txt,62258.52571399025,65812.40607281541
62,1512151645240.,data_n10_100/1512151645240.additive.noisy.phylip.txt,37483.097720119054,39304.825950193605
63,1512151645310.,data_n10_100/1512151645310.additive.noisy.phylip.txt,41721.361734515325,43466.90579598582
64,1512151645451.,data_n10_100/1512151645451.additive.noisy.phylip.txt,46671.20191204061,44418.308349248204
65,1512151645455.,data_n10_100/1512151645455.additive.noisy.phylip.txt,24170.357342809526,23518.973264256798
66,1512151645469.,data_n10_100/1512151645469.additive.noisy.phylip.txt,30454.1390384541,31494.224382018598
67,1512151645473.,data_n10_100/1512151645473.additive.noisy.phylip.txt,38616.574043171546,37836.83451419838
68,1512151645480.,data_n10_100/1512151645480.additive.noisy.phylip.txt,31524.03825652779,31611.93115863779
69,1512151645484.,data_n10_100/1512151645484.additive.noisy.phylip.txt,43490.61686437644,46428.56784866579
70,1512151645487.,data_n10_100/1512151645487.additive.noisy.phylip.txt,20571.826892409586,20339.087121924007
71,1512151645491.,data_n10_100/1512151645491.additive.noisy.phylip.txt,41889.08753870975,43274.8075448202
72,1512151645495.,data_n10_100/1512151645495.additive.noisy.phylip.txt,36418.664210279494,35710.87406692238
73,1512151645498.,data_n10_100/1512151645498.additive.noisy.phylip.txt,44701.068233918384,45983.30975195385
74,1512151645502.,data_n10_100/1512151645502.additive.noisy.phylip.txt,32297.005549980157,30959.184980997612
75,1512151645506.,data_n10_100/1512151645506.additive.noisy.phylip.txt,44915.344779256826,45469.57397314559
76,1512151645512.,data_n10_100/1512151645512.additive.noisy.phylip.txt,19394.308572777787,20265.913883943194
77,1512151645700.,data_n10_100/1512151645700.additive.noisy.phylip.txt,33368.45854833476,44608.41218286502
78,1512151645732.,data_n10_100/1512151645732.additive.noisy.phylip.txt,41718.57730576531,45948.025098664184
79,1512151646102.,data_n10_100/1512151646102.additive.noisy.phylip.txt,40653.35948723017,43757.98168187282
80,1512151646106.,data_n10_100/1512151646106.additive.noisy.phylip.txt,22336.15176370977,22811.672658503412
81,1512151646112.,data_n10_100/1512151646112.additive.noisy.phylip.txt,40596.26055371229,43311.17723187281
82,1512151646116.,data_n10_100/1512151646116.additive.noisy.phylip.txt,38298.819777093086,39618.76712866401
83,1512151646371.,data_n10_100/1512151646371.additive.noisy.phylip.txt,26029.898301418387,26922.726022967403
84,1512151646460.,data_n10_100/1512151646460.additive.noisy.phylip.txt,19230.29581140623,25922.539152106594
85,1512151646530.,data_n10_100/1512151646530.additive.noisy.phylip.txt,39191.67941535545,39281.809404366395
86,1512151646533.,data_n10_100/1512151646533.additive.noisy.phylip.txt,27769.79908856698,29500.807620336793
87,1512151646553.,data_n10_100/1512151646553.additive.noisy.phylip.txt,56619.587899060825,57371.012446908964
88,1512151646690.,data_n10_100/1512151646690.additive.noisy.phylip.txt,51670.133247987826,57213.6328536224
89,1512151646694.,data_n10_100/1512151646694.additive.noisy.phylip.txt,50511.060088265316,49491.45277647699
90,1512151646702.,data_n10_100/1512151646702.additive.noisy.phylip.txt,38725.381666367946,40752.91423022264
91,1512151646706.,data_n10_100/1512151646706.additive.noisy.phylip.txt,42381.07774465422,44420.93151534959
92,1512151646739.,data_n10_100/1512151646739.additive.noisy.phylip.txt,38306.019661760416,39974.20511047702
93,1512151646768.,data_n10_100/1512151646768.additive.noisy.phylip.txt,49060.168875982235,49005.0680624778
94,1512151646772.,data_n10_100/1512151646772.additive.noisy.phylip.txt,35382.146544279494,37049.321331884006
95,1512151646778.,data_n10_100/1512151646778.additive.noisy.phylip.txt,39458.48616262138,49774.1508943424
96,1512151646858.,data_n10_100/1512151646858.additive.noisy.phylip.txt,31278.073722842077,33248.61894127602
97,1512151646862.,data_n10_100/1512151646862.additive.noisy.phylip.txt,42233.81524575171,46542.547950932196
98,1512151648049.,data_n10_100/1512151648049.additive.noisy.phylip.txt,15100.612507501704,16392.821547088995
99,1512151648107.,data_n10_100/1512151648107.additive.noisy.phylip.txt,46290.6396956438,47734.636658890566
0,1512151649979.,data_n15_100/1512151649979.additive.noisy.phylip.txt,87676.70354881126,96532.7442788136
1,1512151649988.,data_n15_100/1512151649988.additive.noisy.phylip.txt,125472.55950391808,127148.12118851476
2,1512151649993.,data_n15_100/1512151649993.additive.noisy.phylip.txt,97648.46104815113,98983.1287695952
3,1512151649999.,data_n15_100/1512151649999.additive.noisy.phylip.txt,90296.8823776843,86589.30502921052
4,1512151650019.,data_n15_100/1512151650019.additive.noisy.phylip.txt,87851.02790760846,92394.53322842081
5,1512151650023.,data_n15_100/1512151650023.additive.noisy.phylip.txt,126272.49598778569,126294.4262459352
6,1512151650225.,data_n15_100/1512151650225.additive.noisy.phylip.txt,125703.63572769424,127838.32078332201
7,1512151650868.,data_n15_100/1512151650868.additive.noisy.phylip.txt,112221.0026711569,105446.92789282605
8,1512151650872.,data_n15_100/1512151650872.additive.noisy.phylip.txt,112941.89220500506,104312.94741981517
9,1512151650937.,data_n15_100/1512151650937.additive.noisy.phylip.txt,104071.69684999046,107253.62501836683
10,1512151650941.,data_n15_100/1512151650941.additive.noisy.phylip.txt,159635.08860311928,159778.52475284963
11,1512151650945.,data_n15_100/1512151650945.additive.noisy.phylip.txt,96010.38437627236,94764.95188838404
12,1512151650949.,data_n15_100/1512151650949.additive.noisy.phylip.txt,109717.31084811885,111171.46519494758
13,1512151650953.,data_n15_100/1512151650953.additive.noisy.phylip.txt,102877.96606482701,106221.63788954157
14,1512151650958.,data_n15_100/1512151650958.additive.noisy.phylip.txt,162071.0541736235,153767.5538327571
15,1512151651171.,data_n15_100/1512151651171.additive.noisy.phylip.txt,103634.50765156704,105632.00093294928
16,1512151651182.,data_n15_100/1512151651182.additive.noisy.phylip.txt,91118.8828412104,91214.27319642683
17,1512151651296.,data_n15_100/1512151651296.additive.noisy.phylip.txt,91385.4380529711,113815.95729269164
18,1512151651309.,data_n15_100/1512151651309.additive.noisy.phylip.txt,98374.22218364014,101197.5396325576
19,1512151651338.,data_n15_100/1512151651338.additive.noisy.phylip.txt,98535.1895671142,114954.6729931536
20,1512151651342.,data_n15_100/1512151651342.additive.noisy.phylip.txt,118982.27335620049,127067.10273271355
21,1512151651346.,data_n15_100/1512151651346.additive.noisy.phylip.txt,108902.6637884604,110986.4061116808
22,1512151651352.,data_n15_100/1512151651352.additive.noisy.phylip.txt,142391.82442867747,145772.93849230482
23,1512151651364.,data_n15_100/1512151651364.additive.noisy.phylip.txt,169318.69712549713,178671.05954990868
24,1512151651368.,data_n15_100/1512151651368.additive.noisy.phylip.txt,84388.42799786144,87076.4565562872
25,1512151651582.,data_n15_100/1512151651582.additive.noisy.phylip.txt,95005.86033537774,96279.57561611084
26,1512151651590.,data_n15_100/1512151651590.additive.noisy.phylip.txt,100715.37254072224,99901.15125661361
27,1512151651594.,data_n15_100/1512151651594.additive.noisy.phylip.txt,98090.35679062443,94102.63467055757
28,1512151651641.,data_n15_100/1512151651641.additive.noisy.phylip.txt,101279.41263270189,102616.584483568
29,1512151652089.,data_n15_100/1512151652089.additive.noisy.phylip.txt,114677.24747086369,115912.5169455152
30,1512151652317.,data_n15_100/1512151652317.additive.noisy.phylip.txt,108024.91374012061,101975.1249832488
31,1512151652340.,data_n15_100/1512151652340.additive.noisy.phylip.txt,107163.08883520629,110319.74195984402
32,1512151652343.,data_n15_100/1512151652343.additive.noisy.phylip.txt,99584.34408153062,97745.12802965762
33,1512151652454.,data_n15_100/1512151652454.additive.noisy.phylip.txt,135655.43605354865,155422.26178818604
34,1512151652458.,data_n15_100/1512151652458.additive.noisy.phylip.txt,139853.05569528855,133546.76037774
35,1512151652466.,data_n15_100/1512151652466.additive.noisy.phylip.txt,101297.33233647069,115694.31100495883
36,1512151652470.,data_n15_100/1512151652470.additive.noisy.phylip.txt,120678.75278007182,137289.4518559036
37,1512151652486.,data_n15_100/1512151652486.additive.noisy.phylip.txt,88323.84652949523,93271.7711394515
38,1512151652490.,data_n15_100/1512151652490.additive.noisy.phylip.txt,92483.81310377631,90841.0166926528
39,1512151652494.,data_n15_100/1512151652494.additive.noisy.phylip.txt,109175.02983867496,107919.52701551316
40,1512151652498.,data_n15_100/1512151652498.additive.noisy.phylip.txt,112719.3971604874,107841.13191929604
41,1512151652506.,data_n15_100/1512151652506.additive.noisy.phylip.txt,107735.93058681721,109369.80593564
42,1512151652531.,data_n15_100/1512151652531.additive.noisy.phylip.txt,102795.98166974961,109138.85161815965
43,1512151652535.,data_n15_100/1512151652535.additive.noisy.phylip.txt,170427.85024987467,175699.51653342758
44,1512151652867.,data_n15_100/1512151652867.additive.noisy.phylip.txt,98455.47883781904,106678.1080312476
45,1512151652873.,data_n15_100/1512151652873.additive.noisy.phylip.txt,103687.12933634759,106230.82167318475
46,1512151652877.,data_n15_100/1512151652877.additive.noisy.phylip.txt,88260.0107098678,88321.37046971556
47,1512151652900.,data_n15_100/1512151652900.additive.noisy.phylip.txt,82292.5313308433,88618.47611865688
48,1512151652904.,data_n15_100/1512151652904.additive.noisy.phylip.txt,81443.54475981888,84012.99256808922
49,1512151652907.,data_n15_100/1512151652907.additive.noisy.phylip.txt,100447.59792425732,102507.63906087796
50,1512151652911.,data_n15_100/1512151652911.additive.noisy.phylip.txt,107895.54800899644,110452.09808581806
51,1512151652915.,data_n15_100/1512151652915.additive.noisy.phylip.txt,101130.70125704206,96010.49230153442
52,1512151653012.,data_n15_100/1512151653012.additive.noisy.phylip.txt,105794.13617309049,104663.19852892362
53,1512151653020.,data_n15_100/1512151653020.additive.noisy.phylip.txt,110559.03730971443,129389.14536807872
54,1512151653024.,data_n15_100/1512151653024.additive.noisy.phylip.txt,102409.25555288765,113939.28160272836
55,1512151653028.,data_n15_100/1512151653028.additive.noisy.phylip.txt,118264.92973213852,112873.27623208598
56,1512151653032.,data_n15_100/1512151653032.additive.noisy.phylip.txt,151121.2025611636,141850.53066436638
57,1512151653149.,data_n15_100/1512151653149.additive.noisy.phylip.txt,109559.57652908098,113842.8661205736
58,1512151653155.,data_n15_100/1512151653155.additive.noisy.phylip.txt,93509.36752984705,89904.18878255719
59,1512151653159.,data_n15_100/1512151653159.additive.noisy.phylip.txt,102951.59628244003,104683.01657938556
60,1512151653165.,data_n15_100/1512151653165.additive.noisy.phylip.txt,135157.07984889494,133462.63306456726
61,1512151653255.,data_n15_100/1512151653255.additive.noisy.phylip.txt,95148.98448796227,88912.31002992683
62,1512151653272.,data_n15_100/1512151653272.additive.noisy.phylip.txt,100470.74570177554,92979.18798792677
63,1512151653278.,data_n15_100/1512151653278.additive.noisy.phylip.txt,105343.50901330987,96615.2480491752
64,1512151653282.,data_n15_100/1512151653282.additive.noisy.phylip.txt,107555.93803246487,102168.94388108677
65,1512151653373.,data_n15_100/1512151653373.additive.noisy.phylip.txt,124838.26304953694,150331.41131640796
66,1512151653706.,data_n15_100/1512151653706.additive.noisy.phylip.txt,110010.48720102855,106045.18818945845
67,1512151653712.,data_n15_100/1512151653712.additive.noisy.phylip.txt,106205.51199899055,102676.0802479664
68,1512151653718.,data_n15_100/1512151653718.additive.noisy.phylip.txt,111730.98466603446,118720.86991078561
69,1512151653950.,data_n15_100/1512151653950.additive.noisy.phylip.txt,125356.98557816156,138455.83467463552
70,1512151653954.,data_n15_100/1512151653954.additive.noisy.phylip.txt,79274.40722341821,81469.67044813797
71,1512151653958.,data_n15_100/1512151653958.additive.noisy.phylip.txt,99660.81098895986,118927.89168357279
72,1512151653962.,data_n15_100/1512151653962.additive.noisy.phylip.txt,111239.86625108204,118346.35841153005
73,1512151653965.,data_n15_100/1512151653965.additive.noisy.phylip.txt,88106.64227568914,84300.96366574123
74,1512151654052.,data_n15_100/1512151654052.additive.noisy.phylip.txt,91494.55906426729,92887.54298310682
75,1512151654056.,data_n15_100/1512151654056.additive.noisy.phylip.txt,109220.52757545773,115391.38314922921
76,1512151654251.,data_n15_100/1512151654251.additive.noisy.phylip.txt,88807.24201872287,96106.2525069048
77,1512151654516.,data_n15_100/1512151654516.additive.noisy.phylip.txt,78697.03259243604,76072.0718109268
78,1512151654862.,data_n15_100/1512151654862.additive.noisy.phylip.txt,127804.34470469144,121099.58423659875
79,1512151654943.,data_n15_100/1512151654943.additive.noisy.phylip.txt,119948.27782385054,122099.10395569722
80,1512151654951.,data_n15_100/1512151654951.additive.noisy.phylip.txt,92211.2827999817,101450.88991055591
81,1512151654974.,data_n15_100/1512151654974.additive.noisy.phylip.txt,98422.40209285627,97693.65514534802
82,1512151654980.,data_n15_100/1512151654980.additive.noisy.phylip.txt,151602.7549357111,159157.14213048996
83,1512151655008.,data_n15_100/1512151655008.additive.noisy.phylip.txt,112175.26088887741,113356.09091110885
84,1512151655016.,data_n15_100/1512151655016.additive.noisy.phylip.txt,96695.4147527453,94526.1787799892
85,1512151655262.,data_n15_100/1512151655262.additive.noisy.phylip.txt,112711.7648029133,108939.32655874401
86,1512151655341.,data_n15_100/1512151655341.additive.noisy.phylip.txt,114800.41100195586,124103.69326835804
87,1512151655636.,data_n15_100/1512151655636.additive.noisy.phylip.txt,125981.19455519578,137759.39998524237
88,1512151655657.,data_n15_100/1512151655657.additive.noisy.phylip.txt,99878.89798866624,98921.95111613037
89,1512151655885.,data_n15_100/1512151655885.additive.noisy.phylip.txt,111352.31560724747,122808.80917244076
90,1512151655942.,data_n15_100/1512151655942.additive.noisy.phylip.txt,139827.2472966743,141854.49481409835
91,1512151656083.,data_n15_100/1512151656083.additive.noisy.phylip.txt,95155.8946360299,93205.43194865958
92,1512151656087.,data_n15_100/1512151656087.additive.noisy.phylip.txt,123551.11706066717,122223.676533486
93,1512151656139.,data_n15_100/1512151656139.additive.noisy.phylip.txt,100451.76217374303,105036.9282688608
94,1512151656200.,data_n15_100/1512151656200.additive.noisy.phylip.txt,106203.28797208378,107008.18313326682
95,1512151656495.,data_n15_100/1512151656495.additive.noisy.phylip.txt,83282.09242490074,83687.926613358
96,1512151656551.,data_n15_100/1512151656551.additive.noisy.phylip.txt,103766.89231980489,91871.6180769052
97,1512151656572.,data_n15_100/1512151656572.additive.noisy.phylip.txt,78556.07891894766,76739.7696397784
98,1512151656578.,data_n15_100/1512151656578.additive.noisy.phylip.txt,88442.35962390032,90089.28246239881
99,1512151656592.,data_n15_100/1512151656592.additive.noisy.phylip.txt,110123.12296817622,108386.96361858232
0,1512151657902.,data_n20_100/1512151657902.additive.noisy.phylip.txt,168617.6265758681,179926.15775738558
1,1512151657912.,data_n20_100/1512151657912.additive.noisy.phylip.txt,221908.57372850142,227257.9912433864
2,1512151658035.,data_n20_100/1512151658035.additive.noisy.phylip.txt,163382.82173478563,164662.50700242468
3,1512151658195.,data_n20_100/1512151658195.additive.noisy.phylip.txt,198063.4445892942,195873.1330054599
4,1512151658210.,data_n20_100/1512151658210.additive.noisy.phylip.txt,184622.50545956712,192743.06120970065
5,1512151658214.,data_n20_100/1512151658214.additive.noisy.phylip.txt,193004.24762141478,198782.10747925442
6,1512151658218.,data_n20_100/1512151658218.additive.noisy.phylip.txt,223549.34851011029,223458.7361352791
7,1512151658485.,data_n20_100/1512151658485.additive.noisy.phylip.txt,176713.50596556853,181943.06639973252
8,1512151658697.,data_n20_100/1512151658697.additive.noisy.phylip.txt,223163.13829466596,208213.08267251117
9,1512151658705.,data_n20_100/1512151658705.additive.noisy.phylip.txt,184784.53529577743,193825.8689818288
10,1512151658737.,data_n20_100/1512151658737.additive.noisy.phylip.txt,200185.09969977185,195269.27186426296
11,1512151658907.,data_n20_100/1512151658907.additive.noisy.phylip.txt,226149.07869474214,234445.46865910053
12,1512151658953.,data_n20_100/1512151658953.additive.noisy.phylip.txt,225139.0431890655,242182.53821807198
13,1512151659448.,data_n20_100/1512151659448.additive.noisy.phylip.txt,186976.36902534563,207600.51003977735
14,1512151659459.,data_n20_100/1512151659459.additive.noisy.phylip.txt,182205.23656488367,196290.35443984403
15,1512151659465.,data_n20_100/1512151659465.additive.noisy.phylip.txt,227213.21423239022,207579.13163205498
16,1512151659699.,data_n20_100/1512151659699.additive.noisy.phylip.txt,233759.57698483497,226524.24882851186
17,1512151659703.,data_n20_100/1512151659703.additive.noisy.phylip.txt,190690.00517979008,203307.2052317246
18,1512151659707.,data_n20_100/1512151659707.additive.noisy.phylip.txt,196695.41463761893,181727.9306725638
19,1512151659711.,data_n20_100/1512151659711.additive.noisy.phylip.txt,187912.53140965058,182856.3475386766
20,1512151659743.,data_n20_100/1512151659743.additive.noisy.phylip.txt,257805.5291511661,254470.2030669054
21,1512151659961.,data_n20_100/1512151659961.additive.noisy.phylip.txt,244627.22875339162,235526.5087817
22,1512151659996.,data_n20_100/1512151659996.additive.noisy.phylip.txt,219147.36929515566,228581.1857092816
23,1512151660008.,data_n20_100/1512151660008.additive.noisy.phylip.txt,196752.114058255,211765.44531925814
24,1512151660272.,data_n20_100/1512151660272.additive.noisy.phylip.txt,213520.5737880189,195446.3513423808
25,1512151660280.,data_n20_100/1512151660280.additive.noisy.phylip.txt,231687.90448838405,198974.06425483365
26,1512151660308.,data_n20_100/1512151660308.additive.noisy.phylip.txt,243721.775593631,234163.70082763126
27,1512151660311.,data_n20_100/1512151660311.additive.noisy.phylip.txt,238954.66059894348,254433.02909780858
28,1512151660315.,data_n20_100/1512151660315.additive.noisy.phylip.txt,166589.23787860997,182400.6239604983
29,1512151660319.,data_n20_100/1512151660319.additive.noisy.phylip.txt,218850.97703405825,231287.34994727973
30,1512151660323.,data_n20_100/1512151660323.additive.noisy.phylip.txt,212208.38518581114,224940.1108753848
31,1512151660365.,data_n20_100/1512151660365.additive.noisy.phylip.txt,212470.01805689072,230340.45843500714
32,1512151660381.,data_n20_100/1512151660381.additive.noisy.phylip.txt,263369.5031153809,295831.32737861597
33,1512151660395.,data_n20_100/1512151660395.additive.noisy.phylip.txt,216754.19122310763,210606.46484126477
34,1512151660399.,data_n20_100/1512151660399.additive.noisy.phylip.txt,259757.04024619042,231708.26089670722
35,1512151660495.,data_n20_100/1512151660495.additive.noisy.phylip.txt,183403.31553601281,179237.03552110714
36,1512151660498.,data_n20_100/1512151660498.additive.noisy.phylip.txt,174323.53301232806,180760.9680162406
37,1512151660607.,data_n20_100/1512151660607.additive.noisy.phylip.txt,207397.9068551515,221182.81934178
38,1512151660611.,data_n20_100/1512151660611.additive.noisy.phylip.txt,215503.10093346276,196876.49338724
39,1512151660615.,data_n20_100/1512151660615.additive.noisy.phylip.txt,226674.2539311772,236707.49410267838
40,1512151660618.,data_n20_100/1512151660618.additive.noisy.phylip.txt,232215.46599826973,228755.15608381358
41,1512151660663.,data_n20_100/1512151660663.additive.noisy.phylip.txt,221118.21458203584,241690.0217724566
42,1512151660699.,data_n20_100/1512151660699.additive.noisy.phylip.txt,211467.3917496688,205042.19709860155
43,1512151660703.,data_n20_100/1512151660703.additive.noisy.phylip.txt,201632.19121621846,198417.903877536
44,1512151660715.,data_n20_100/1512151660715.additive.noisy.phylip.txt,207449.30720665085,217956.50864820945
45,1512151660735.,data_n20_100/1512151660735.additive.noisy.phylip.txt,217074.5314668328,221392.77516497025
46,1512151660741.,data_n20_100/1512151660741.additive.noisy.phylip.txt,243896.07506606268,314998.9547800607
47,1512151660867.,data_n20_100/1512151660867.additive.noisy.phylip.txt,187403.92903300287,188811.76861491197
48,1512151660871.,data_n20_100/1512151660871.additive.noisy.phylip.txt,212915.67594684567,215019.96166375914
49,1512151660904.,data_n20_100/1512151660904.additive.noisy.phylip.txt,198970.46940776118,208057.2565355334
50,1512151660908.,data_n20_100/1512151660908.additive.noisy.phylip.txt,198420.77125237414,214622.14105862135
51,1512151660931.,data_n20_100/1512151660931.additive.noisy.phylip.txt,213066.61094274092,211400.59480991733
52,1512151660987.,data_n20_100/1512151660987.additive.noisy.phylip.txt,182641.5752145365,172579.24192081342
53,1512151660991.,data_n20_100/1512151660991.additive.noisy.phylip.txt,219715.0586698327,241294.7954694886
54,1512151661014.,data_n20_100/1512151661014.additive.noisy.phylip.txt,202405.3844237884,210119.07946113267
55,1512151661394.,data_n20_100/1512151661394.additive.noisy.phylip.txt,203649.57442307222,214406.52245163437
56,1512151661466.,data_n20_100/1512151661466.additive.noisy.phylip.txt,169937.08234360092,180272.6893626749
57,1512151661470.,data_n20_100/1512151661470.additive.noisy.phylip.txt,196073.978236201,209885.30708710797
58,1512151661500.,data_n20_100/1512151661500.additive.noisy.phylip.txt,223612.2948012466,251893.34014288618
59,1512151661504.,data_n20_100/1512151661504.additive.noisy.phylip.txt,197968.80553405127,194057.35078812056
60,1512151661521.,data_n20_100/1512151661521.additive.noisy.phylip.txt,213392.42728866712,219138.48439834313
61,1512151661546.,data_n20_100/1512151661546.additive.noisy.phylip.txt,227260.88112376747,224921.0764124488
62,1512151661550.,data_n20_100/1512151661550.additive.noisy.phylip.txt,182550.9717851214,171693.22013466942
63,1512151661554.,data_n20_100/1512151661554.additive.noisy.phylip.txt,254529.68092611147,249619.79928667663
64,1512151661864.,data_n20_100/1512151661864.additive.noisy.phylip.txt,216097.0154024749,220791.0027587176
65,1512151661868.,data_n20_100/1512151661868.additive.noisy.phylip.txt,203239.24297618773,193487.88925405976
66,1512151661873.,data_n20_100/1512151661873.additive.noisy.phylip.txt,158753.3091451167,165506.10346562637
67,1512151661877.,data_n20_100/1512151661877.additive.noisy.phylip.txt,260707.62639549977,276612.64853783103
68,1512151661925.,data_n20_100/1512151661925.additive.noisy.phylip.txt,202073.37546486297,210904.39028713419
69,1512151661929.,data_n20_100/1512151661929.additive.noisy.phylip.txt,205530.4238636947,225715.04844215518
70,1512151661933.,data_n20_100/1512151661933.additive.noisy.phylip.txt,206860.5154257763,233148.96489302692
71,1512151661939.,data_n20_100/1512151661939.additive.noisy.phylip.txt,277609.5268758507,246957.66320930375
72,1512151662038.,data_n20_100/1512151662038.additive.noisy.phylip.txt,212270.74907355558,244136.87827067438
73,1512151662042.,data_n20_100/1512151662042.additive.noisy.phylip.txt,203041.2623823574,209080.99801954388
74,1512151662154.,data_n20_100/1512151662154.additive.noisy.phylip.txt,195568.26083138006,210240.6826492144
75,1512151662242.,data_n20_100/1512151662242.additive.noisy.phylip.txt,183224.68766175237,194302.9230083749
76,1512151662246.,data_n20_100/1512151662246.additive.noisy.phylip.txt,205259.17751618606,205801.34400098165
77,1512151662407.,data_n20_100/1512151662407.additive.noisy.phylip.txt,189453.79645510897,210540.6483234145
78,1512151662411.,data_n20_100/1512151662411.additive.noisy.phylip.txt,232336.94667525662,221716.34430420725
79,1512151662423.,data_n20_100/1512151662423.additive.noisy.phylip.txt,219217.56856014184,226858.7004718711
80,1512151662667.,data_n20_100/1512151662667.additive.noisy.phylip.txt,200548.85081825187,201704.86030293675
81,1512151662673.,data_n20_100/1512151662673.additive.noisy.phylip.txt,142154.29508556135,137777.221484444
82,1512151662680.,data_n20_100/1512151662680.additive.noisy.phylip.txt,213689.1059658248,204491.884923972
83,1512151662684.,data_n20_100/1512151662684.additive.noisy.phylip.txt,194781.6928596262,225636.32855271752
84,1512151662828.,data_n20_100/1512151662828.additive.noisy.phylip.txt,177418.38279617648,203539.84077422548
85,1512151662838.,data_n20_100/1512151662838.additive.noisy.phylip.txt,204405.40562879958,190592.03158738784
86,1512151662842.,data_n20_100/1512151662842.additive.noisy.phylip.txt,198824.18527148064,196088.7802378416
87,1512151662846.,data_n20_100/1512151662846.additive.noisy.phylip.txt,276480.75547311443,275307.0140348174
88,1512151662954.,data_n20_100/1512151662954.additive.noisy.phylip.txt,237563.96316495183,241789.81865023114
89,1512151663198.,data_n20_100/1512151663198.additive.noisy.phylip.txt,201334.7548407624,217508.7677212814
90,1512151663205.,data_n20_100/1512151663205.additive.noisy.phylip.txt,199520.3893053874,207698.13115991894
91,1512151663464.,data_n20_100/1512151663464.additive.noisy.phylip.txt,197614.4365466978,192315.16985275017
92,1512151663486.,data_n20_100/1512151663486.additive.noisy.phylip.txt,254100.97695010365,229568.42327635825
93,1512151663501.,data_n20_100/1512151663501.additive.noisy.phylip.txt,211850.38700858186,212905.4291936695
94,1512151663602.,data_n20_100/1512151663602.additive.noisy.phylip.txt,198612.61374898718,199582.09681260475
95,1512151663636.,data_n20_100/1512151663636.additive.noisy.phylip.txt,215947.65342833917,223710.09961952723
96,1512151663644.,data_n20_100/1512151663644.additive.noisy.phylip.txt,200472.7653069433,203593.62500089104
97,1512151663648.,data_n20_100/1512151663648.additive.noisy.phylip.txt,227987.74137513436,229691.72777075745
98,1512151663652.,data_n20_100/1512151663652.additive.noisy.phylip.txt,202477.05751323712,210262.74890042536
99,1512151663700.,data_n20_100/1512151663700.additive.noisy.phylip.txt,193454.2051121313,188877.3435270552
